{"cameraMode":{"drawMode":0,"name":"Shaded","section":"Shading Mode"},"sceneLighting":true,"audioPlay":false,"sceneViewState":{"showFog":true,"showMaterialUpdate":false,"showSkybox":true,"showFlares":true,"showImageEffects":true,"showParticleSystems":true},"in2DMode":false,"pivot":{"x":-2.6647982597351076,"y":-0.793858528137207,"z":1.0905485153198243},"rotation":{"x":0.25253382325172427,"y":0.00958172045648098,"z":-0.0025010688696056606,"w":0.9675374627113342},"size":10.0,"orthographic":false}